chr_pos	chr	position	REF	ALT	YRI	Altai	Vindija	Denisova	chr_hg38	pos1_hg38	pos2_hg38	AssessedAllele	OtherAllele	SNP	rs	AlleleA	AlleleB	allA_total	allAB_total	allB_total	AlleleB_all	Genes_under_control	AssessedAllele_AF	AssessedAllele_AF_rounded	Neand_Allele
10_64415184	10	64415184	A	G	1/1	0/0	0/0	1/1	chr10	62655423	62655424	A	G	rs7076156	rs7076156	G	A	14705	10145	1759	0.25673644255703	0	0.25673644255703	0.26	A
10_70019371	10	70019371	G	A	0/0	1/1	1/1	1/1	chr10	68259613	68259614	A	G	rs12571093	rs12571093	A	G	754	7366	18104	0.8308038438072	0	0.1691961561928	0.17	A
10_71245276	10	71245276	T	C	0/0	0/0	1/1	0/0	chr10	69485519	69485520	C	T	rs78707713	rs78707713	C	T	373	5379	20730	0.884355411222717	0	0.115644588777283	0.12	C
11_100453046	11	100453046	C	T	0/0	1/1	1/1	1/1	chr11	100582314	100582315	T	C	rs72996113	rs72996113	C	T	21215	4948	329	0.105805526196588	1	0.105805526196588	0.11	T
11_102717641	11	102717641	G	A	0/0	1/1	1/1	0/0	chr11	102846909	102846910	A	G	rs116187470	rs116187470	G	A	18853	6348	541	0.144316680910574	0	0.144316680910574	0.14	A
11_102719534	11	102719534	C	T	0/0	1/1	1/1	0/0	chr11	102848802	102848803	T	C	rs114176245	rs114176245	C	T	19785	6207	494	0.135826474363815	0	0.135826474363815	0.14	T
11_102720344	11	102720344	T	A	0/0	1/1	1/1	0/0	chr11	102849612	102849613	A	T	rs17361668	rs17361668	T	A	19810	6191	492	0.135413127996074	0	0.135413127996074	0.14	A
11_102721251	11	102721251	C	T	0/0	1/1	1/1	0/0	chr11	102850519	102850520	T	C	rs72981675	rs72981675	C	T	19786	6214	494	0.135917566241413	0	0.135917566241413	0.14	T
11_102721859	11	102721859	C	A	0/0	1/1	1/1	0/0	chr11	102851127	102851128	A	C	rs72981680	rs72981680	C	A	19791	6209	494	0.13582320525402	0	0.13582320525402	0.14	A
11_102724211	11	102724211	C	T	0/0	1/1	1/1	0/0	chr11	102853479	102853480	T	C	rs72981684	rs72981684	C	T	19788	6212	494	0.135879821846456	0	0.135879821846456	0.14	T
11_102726142	11	102726142	A	T	0/0	1/1	1/1	0/0	chr11	102855410	102855411	T	A	rs737693	rs737693	A	T	19789	6211	494	0.135860949648977	0	0.135860949648977	0.14	T
11_102726540	11	102726540	C	T	0/0	1/1	1/1	0/0	chr11	102855808	102855809	T	C	rs72981698	rs72981698	C	T	19788	6212	494	0.135879821846456	0	0.135879821846456	0.14	T
11_102727409	11	102727409	C	A	0/0	1/1	1/1	0/0	chr11	102856677	102856678	A	C	rs72983508	rs72983508	C	A	19898	6217	494	0.135386523356759	0	0.135386523356759	0.14	A
11_102728985	11	102728985	T	C	0/0	1/1	1/1	0/0	chr11	102858253	102858254	C	T	rs72983513	rs72983513	T	C	19832	6171	489	0.134927525290654	0	0.134927525290654	0.13	C
11_102737192	11	102737192	A	T	0/0	1/1	1/1	0/0	chr11	102866460	102866461	T	A	rs28381684	rs28381684	A	T	19887	6227	494	0.135579524954901	0	0.135579524954901	0.14	T
11_102742761	11	102742761	G	T	0/0	1/1	1/1	1/1	chr11	102872030	102872031	T	G	rs17368659	rs17368659	G	T	19875	6237	496	0.135842603728202	0	0.135842603728202	0.14	T
11_102748695	11	102748695	A	G	0/0	1/1	1/1	0/0	chr11	102877964	102877965	G	A	rs17368814	rs17368814	A	G	19886	6228	495	0.135630801608478	0	0.135630801608478	0.14	G
12_103011894	12	103011894	A	G	0/0	1/1	1/1	0/0	chr12	102618115	102618116	G	A	rs703556	rs703556	A	G	23599	1723	59	0.0362672865529333	0	0.0362672865529333	0.04	G
12_129300694	12	129300694	C	T	0/0	1/1	1/1	0/0	chr12	128816148	128816149	T	C	rs1385374	rs1385374	C	T	20946	4688	280	0.101258007254766	0	0.101258007254766	0.1	T
12_40601940	12	40601940	C	T	0/0	1/1	1/1	0/0	chr12	40208137	40208138	T	C	rs11175593	rs11175593	C	T	24534	1338	24	0.0267608897126969	0	0.0267608897126969	0.03	T
12_56740682	12	56740682	C	G	0/0	1/1	1/1	1/1	chr12	56346897	56346898	G	C	rs2066807	rs2066807	C	G	22687	3404	133	0.0699740695546065	2	0.0699740695546065	0.07	G
12_56750204	12	56750204	C	T	0/0	1/1	1/1	0/0	chr12	56356419	56356420	T	C	rs2066819	rs2066819	C	T	22672	3128	114	0.0647526433588022	1	0.0647526433588022	0.06	T
13_38737821	13	38737821	A	C	0/0	1/1	1/1	0/1	chr13	38163683	38163684	C	A	rs17057285	rs17057285	A	C	12826	396	6	0.0154218324765649	0	0.0154218324765649	0.02	C
13_40833012	13	40833012	T	A	0/0	1/1	1/1	1/1	chr13	40258874	40258875	A	T	rs17061048	rs17061048	T	A	23145	2578	78	0.0529824425409868	0	0.0529824425409868	0.05	A
14_61940675	14	61940675	G	A	0/0	1/1	1/1	1/1	chr14	61473956	61473957	A	G	rs3783782	rs3783782	G	A	16267	547	3	0.0164416959029553	0	0.0164416959029553	0.02	A
14_69034682	14	69034682	C	T	0/0	0/0	1/1	1/1	chr14	68567964	68567965	T	C	rs999737	rs999737	C	T	16062	8700	1348	0.218230563002681	0	0.218230563002681	0.22	T
14_75701221	14	75701221	C	T	0/0	1/1	1/1	1/1	chr14	75234517	75234518	T	C	rs4899554	rs4899554	C	T	17918	7804	887	0.179976699612913	0	0.179976699612913	0.18	T
14_75741751	14	75741751	C	T	0/0	1/1	1/1	0/0	chr14	75275047	75275048	T	C	rs1569328	rs1569328	T	C	766	7337	17102	0.824062685975005	0	0.175937314024995	0.18	T
15_85207825	15	85207825	A	G	0/0	0/0	1/1	0/0	chr15	84664593	84664594	G	A	rs12908161	rs12908161	A	G	13912	10478	2098	0.276993355481728	3	0.276993355481728	0.28	G
17_4522241	17	4522241	G	A	0/0	1/1	1/1	1/1	chr17	4618945	4618946	A	G	rs149206763	rs149206763	G	A	18520	5749	484	0.1356805235729	0	0.1356805235729	0.14	A
17_76259847	17	76259847	T	G	0/0	1/1	1/1	1/1	chr17	78263765	78263766	G	T	rs11650665	rs11650665	T	G	8393	6065	1235	0.271936532211814	1	0.271936532211814	0.27	G
17_800593	17	800593	T	C	0/0	1/1	1/1	0/0	chr17	897352	897353	C	T	rs12603526	rs12603526	T	C	23437	1273	18	0.0264679715302491	1	0.0264679715302491	0.03	C
18_60783211	18	60783211	G	A	0/0	1/1	1/1	1/1	chr18	63115977	63115978	A	G	rs17749561	rs17749561	G	A	22353	3952	189	0.0817166150826602	0	0.0817166150826602	0.08	A
18_60793549	18	60793549	C	T	0/0	1/1	1/1	1/1	chr18	63126315	63126316	T	C	rs4987855	rs4987855	C	T	22269	4024	201	0.083528346040613	0	0.083528346040613	0.08	T
18_74072245	18	74072245	A	T	0/0	1/1	1/1	0/0	chr18	76360289	76360290	T	A	rs72973711	rs72973711	A	T	21442	3079	124	0.0674984783931832	27	0.0674984783931832	0.07	T
19_33453659	19	33453659	T	C	1/1	0/1	0/0	1/1	chr19	32962752	32962753	T	C	rs4805834	rs4805834	C	T	19879	5870	476	0.130066730219256	1	0.130066730219256	0.13	T
19_47072395	19	47072395	A	G	0/0	1/1	1/1	0/0	chr19	46569137	46569138	G	A	rs4435363	rs4435363	A	G	15019	6855	874	0.189093546685423	0	0.189093546685423	0.19	G
19_48401893	19	48401893	G	A	0/0	1/1	1/1	0/0	chr19	47898635	47898636	A	G	rs2637125	rs2637125	G	A	19105	6723	666	0.152015550690722	0	0.152015550690722	0.15	A
19_51361757	19	51361757	T	C	0/0	1/1	1/1	0/0	chr19	50858500	50858501	C	T	rs17632542	rs17632542	T	C	22090	3566	143	0.0746540563587736	0	0.0746540563587736	0.07	C
1_150550924	1	150550924	T	C	0/0	1/1	1/1	0/0	chr1	150578447	150578448	C	T	rs34645101	rs34645101	T	C	3203	86	0	0.0130738826391	0	0.0130738826391	0.01	C
1_168103616	1	168103616	G	C	0/0	0/1	1/1	0/0	chr1	168134377	168134378	C	G	rs78320035	rs78320035	G	C	20377	1601	28	0.0376488230482596	0	0.0376488230482596	0.04	C
1_169099037	1	169099037	A	C	0/0	1/1	1/1	0/0	chr1	169129798	169129799	C	A	rs10919070	rs10919070	A	C	20354	5726	413	0.123655305174952	1	0.123655305174952	0.12	C
1_169099483	1	169099483	A	G	0/0	0/0	1/1	0/0	chr1	169130244	169130245	G	A	rs10919071	rs10919071	A	G	20157	5659	408	0.123455613178768	1	0.123455613178768	0.12	G
1_198594782	1	198594782	C	T	0/0	1/1	1/1	1/1	chr1	198625651	198625652	T	C	rs12139775	rs12139775	C	T	22608	3708	167	0.0763131065211645	0	0.0763131065211645	0.08	T
1_198595506	1	198595506	G	A	0/0	1/1	1/1	1/1	chr1	198626375	198626376	A	G	rs12127588	rs12127588	G	A	22103	3623	161	0.0761965465291459	0	0.0761965465291459	0.08	A
1_209964080	1	209964080	C	T	0/0	1/1	1/1	1/1	chr1	209790734	209790735	T	C	rs2235371	rs2235371	C	T	24368	1151	68	0.0251494899753781	0	0.0251494899753781	0.03	T
1_209988047	1	209988047	A	C	0/0	1/1	1/1	1/1	chr1	209814701	209814702	C	A	rs10863790	rs10863790	A	C	24361	1158	68	0.0252862781881424	0	0.0252862781881424	0.03	C
1_22587728	1	22587728	T	C	0/0	1/1	1/1	0/0	chr1	22261234	22261235	C	T	rs72647484	rs72647484	T	C	21386	4220	193	0.0892670258537153	1	0.0892670258537153	0.09	C
1_40064961	1	40064961	G	A	0/0	1/1	1/1	0/0	chr1	39599288	39599289	A	G	rs12037222	rs12037222	G	A	15728	9352	1526	0.233105314590694	0	0.233105314590694	0.23	A
20_16054982	20	16054982	T	C	0/0	1/1	1/1	0/0	chr20	16074336	16074337	C	T	rs16997087	rs16997087	T	C	23255	3245	109	0.0650719681310835	1	0.0650719681310835	0.07	C
20_4132364	20	4132364	C	G	0/0	1/1	1/1	0/0	chr20	4151716	4151717	G	C	rs13043612	rs13043612	C	G	12661	11233	2713	0.313056714398467	13	0.313056714398467	0.31	G
2_118835841	2	118835841	G	A	0/0	0/0	1/1	0/0	chr2	118078264	118078265	A	G	rs10490626	rs10490626	G	A	22211	3434	156	0.072594085500562	0	0.072594085500562	0.07	A
2_157096776	2	157096776	T	C	0/0	1/1	1/1	1/1	chr2	156240263	156240264	C	T	rs17188434	rs17188434	T	C	23039	2958	113	0.0609728073535044	0	0.0609728073535044	0.06	C
2_157126964	2	157126964	T	G	0/0	1/1	1/1	0/0	chr2	156270451	156270452	G	T	rs4369815	rs4369815	T	G	23471	3019	119	0.0612010973730693	0	0.0612010973730693	0.06	G
2_173311553	2	173311553	A	G	0/0	1/1	1/1	0/0	chr2	172446824	172446825	G	A	rs12621278	rs12621278	A	G	22577	2907	103	0.0608316723336069	0	0.0608316723336069	0.06	G
3_132163200	3	132163200	G	T	0/0	1/1	1/1	0/0	chr3	132444355	132444356	T	G	rs17404153	rs17404153	G	T	20095	5588	426	0.123329120226742	0	0.123329120226742	0.12	T
3_186570453	3	186570453	G	A	0/0	1/1	1/1	1/1	chr3	186852663	186852664	A	G	rs17366568	rs17366568	G	A	19397	5032	304	0.114017709133546	0	0.114017709133546	0.11	A
3_191695113	3	191695113	T	C	0/0	1/1	1/1	0/0	chr3	191977323	191977324	C	T	rs4261353	rs4261353	T	C	4620	210	2	0.0221440397350993	0	0.0221440397350993	0.02	C
3_3144519	3	3144519	A	G	0/0	1/1	1/1	0/0	chr3	3102834	3102835	G	A	rs13097407	rs13097407	A	G	22978	3185	117	0.0650494672754947	0	0.0650494672754947	0.07	G
3_46173072	3	46173072	G	C	0/0	1/1	1/1	1/1	chr3	46131579	46131580	C	G	rs13063635	rs13063635	G	C	20239	5743	506	0.127510570824524	11	0.127510570824524	0.13	C
3_46235201	3	46235201	C	T	0/0	1/1	1/1	0/0	chr3	46193708	46193709	T	C	rs13098911	rs13098911	C	T	21352	4438	320	0.097242435848334	33	0.097242435848334	0.1	T
3_52506426	3	52506426	C	T	1/1	0/0	0/0	0/0	chr3	52472409	52472410	C	T	rs6784615	rs6784615	T	C	23381	2660	69	0.0535810034469552	1	0.0535810034469552	0.05	C
4_189191111	4	189191111	G	A	0/0	1/1	1/1	0/0	chr4	188269956	188269957	A	G	rs71607999	rs71607999	G	A	15821	4587	299	0.125199207997296	0	0.125199207997296	0.13	A
5_168386089	5	168386089	G	A	0/0	1/1	1/1	0/0	chr5	168959083	168959084	A	G	rs12188351	rs12188351	G	A	22718	2655	98	0.0559656079462919	0	0.0559656079462919	0.06	A
5_39394989	5	39394989	C	A	1/1	0/0	0/0	1/1	chr5	39394886	39394887	C	A	rs2255280	rs2255280	A	C	2644	312	30	0.0622906898861353	0	0.0622906898861353	0.06	C
6_34244132	6	34244132	T	C	0/0	0/0	1/1	0/0	chr6	34276354	34276355	C	T	rs115245297	rs115245297	T	C	22971	1752	30	0.0366016240455702	0	0.0366016240455702	0.04	C
6_43731651	6	43731651	G	T	0/0	1/1	1/1	0/0	chr6	43763913	43763914	T	G	rs78003500	rs78003500	T	G	61	2432	23572	0.951007097640514	0	0.0489929023594859	0.05	T
6_44030011	6	44030011	A	G	1/1	0/0	0/0	1/1	chr6	44062273	44062274	A	G	rs833805	rs833805	G	A	15466	3264	186	0.0961091139775851	0	0.0961091139775851	0.1	A
6_52281072	6	52281072	T	A	0/0	1/1	1/1	0/0	chr6	52416273	52416274	A	T	rs56032325	rs56032325	T	A	22660	3033	107	0.0629263565891473	1	0.0629263565891473	0.06	A
6_53177678	6	53177678	C	A	1/1	0/0	0/0	1/1	chr6	53312879	53312880	C	A	rs209489	rs209489	A	C	22326	4074	209	0.0844075312864069	0	0.0844075312864069	0.08	C
7_128585616	7	128585616	C	T	0/0	1/1	1/1	0/0	chr7	128945561	128945562	T	C	rs35000415	rs35000415	C	T	20885	5255	354	0.112534913565336	0	0.112534913565336	0.11	T
7_128594183	7	128594183	T	C	0/0	1/1	1/1	1/1	chr7	128954128	128954129	C	T	rs10488631	rs10488631	T	C	20600	5164	346	0.112140942167752	0	0.112140942167752	0.11	C
7_128681062	7	128681062	C	T	0/0	1/1	1/1	0/0	chr7	129041007	129041008	T	C	rs17339836	rs17339836	C	T	20869	5270	354	0.112822254935266	0	0.112822254935266	0.11	T
7_128695983	7	128695983	C	A	0/0	1/1	1/1	0/0	chr7	129055928	129055929	A	C	rs13239597	rs13239597	C	A	20902	5244	348	0.112100853023326	0	0.112100853023326	0.11	A
7_46402269	7	46402269	C	A	0/0	1/1	1/1	0/0	chr7	46362670	46362671	A	C	rs7811653	rs7811653	C	A	22825	3629	155	0.0740163102709609	1	0.0740163102709609	0.07	A
8_134640088	8	134640088	A	G	0/0	1/1	1/1	0/0	chr8	133627844	133627845	G	A	rs2945731	rs2945731	A	G	22740	3607	147	0.0736204423643089	0	0.0736204423643089	0.07	G
9_136478355	9	136478355	G	A	0/0	1/1	1/1	0/0	chr9	133613232	133613233	A	G	rs3025343	rs3025343	G	A	20985	4511	284	0.0985065942591156	0	0.0985065942591156	0.1	A
